<?xml version="1.0" encoding="UTF-8"?>
<model xmlns="http://www.alfresco.org/model/dictionary/1.0" name="bm:BikeModel">
    <author>Administrator</author>
    <imports>
        <import uri="http://www.alfresco.org/model/content/1.0" prefix="cm"/>
        <import uri="http://www.alfresco.org/model/dictionary/1.0" prefix="d"/>
    </imports>
    <namespaces>
        <namespace uri="dnt3/bike/model" prefix="bm"/>
    </namespaces>
    <data-types/>
    <constraints/>
    <types>
        <type name="bm:produkt">
            <title>Produkt</title>
            <parent>cm:content</parent>
            <properties>
                <property name="bm:productId">
                    <title>Product ID</title>
                    <type>d:int</type>
                    <mandatory>false</mandatory>
                    <index enabled="true">
                        <tokenised>TRUE</tokenised>
                    </index>
                </property>
                <property name="bm:price">
                    <title>Price</title>
                    <type>d:float</type>
                    <mandatory>false</mandatory>
                    <index enabled="true">
                        <tokenised>TRUE</tokenised>
                    </index>
                </property>
            </properties>
            <associations/>
            <overrides/>
            <mandatory-aspects/>
        </type>
    </types>
    <aspects/>
</model>